,age,sex,mean_RR,mean_Peaks,median_RR,median_Peaks,std_RR,std_Peaks,var_RR,var_Peaks,skew_RR,skew_Peaks,kurt_RR,kurt_Peaks
0,-1.0,0.0,3114.5714285714284,13968.241944436491,3136.0,2411.058705492669,1865.5323910457348,3497.91368953253,3747919.648351648,12955129.601737844,-0.5084746492610114,-6.072793027078286,-1.4913296046028892,-1.9999557492781739
1,104.0,1.0,71741.71532846715,310384539.44422483,70853.0,529265487.69428897,41369.94174332337,307193305.3669313,1717741208.3435736,9.509363245350886e+16,0.4400715434714188,10.017373322639068,-0.48328353155119386,117.2804840162092
